well_id,wellUse,As,Ca,Ra_Total,U
4,Livestock,0.5,241.6,1.598,2.5
6,Unknown,0.5,1.6,0.267,2.5
11,Domestic,0.5,54.4,1.697,2.5
17,Domestic,5,270,3.44,1.5
18,Domestic,0.5,4.8,1.09,2.5
29,Livestock,0.5,14.4,2.036,2.5
39,Livestock,0.5,36,1.34,2.5
43,Livestock,0.71,324,4.92,0.38
49,Unknown,,4.25,,
53,Unknown,,120,,
55,Domestic,,109,,
63,Livestock,5,28.6,8.34,2.5
75,Livestock,0.5,54,3.026,2.5
81,Livestock,1,67,,31
84,Livestock,0.91,54,0.863,3.3
86,Unknown,0.5,0,0.722,2.5
87,Livestock,0.58,78,9.565,260
88,Unknown,0.88,29,2.078,2.5
93,Livestock,2.2,9.6,1.76,54
96,Livestock,11,74,1.067,700
98,Unknown,7.5,3.2,1.686,25
99,Unknown,1.2,99,2.86,23
100,Unknown,0.5,4,0.646,2.5
105,Livestock,0.6,212.8,1.97,0.59
106,Livestock,0.5,210,1.904,2.5
107,Livestock,0.5,4.6,0.539,2.5
108,Livestock,32,4.6,0.1911,34
109,Livestock,55,4.8,2.526,63
110,Domestic,0.5,30.4,3.658,9.1
112,Domestic,1,51,0.723,2.5
113,Domestic,0.5,18.8,1.187,2.4
115,Livestock,0.5,82,3.04,2.5
123,Livestock,3,,,300
140,Livestock,,94,,
144,Unknown,0.53,170,0.7808,110
148,Unknown,2,27,3.389,26
156,Unknown,2.4,17.6,1.514,5.2
157,Unknown,1,27,,
163,Municipal,1,10.9,,
173,Unknown,,5,,
174,Unknown,1.1,26,,4.1
175,Unknown,8.3,4.57,1.0523,29
198,Unknown,0.5,137.6,0.8394,11
226,Livestock,0.5,132.8,1.924,2.5
227,Unknown,0.5,4.8,0.836,2.5
228,Unknown,1.4,188,1.043,2.2
232,Unknown,5,18.4,0.533,10
259,Unknown,,,,0.223880597
273,Livestock,8.53,115,0.694,2.2
275,Livestock,7.6,6.76,,8.073134328
276,Unknown,8.2,4.02,,0.691044776
277,Unknown,4,43.5,,4.804477612
278,Unknown,10,16.5,,5.553731343
279,Domestic,2.8,35.2,,1.310447761
280,Unknown,10,28.4,,3.735820896
281,Livestock,6.6,46.8,,4.591044776
282,Livestock,10,50.4,,5.617910448
283,Unknown,10,35.2,,2.729850746
284,Unknown,7.2,33.8,,5.652238806
285,Unknown,10,35.3,,2.362686567
286,Unknown,10,28.9,,9.74
287,Unknown,3.3,529,,22.69701493
288,Domestic,10,59.5,,9.8
289,Domestic,10,31.1,,27.87164179
290,Livestock,10,32.4,,15.82835821
291,Livestock,10,20.7,,17.69661026
292,Livestock,13.7,37.35,,256.6119403
293,Livestock,5,27.6,,2.508955224
294,Livestock,10,62.7,,5.497014925
295,Unknown,10,22.4,,7.623880597
296,Unknown,10,12.4,,0.007462687
297,Domestic,10,47.1,,0.720895522
298,Unknown,2.6,40.8,,6.314925373
299,Unknown,7.7,5.015,1.166,54.3865027
300,Domestic,6,2.565,,5.980597015
301,Unknown,10,60.4,,15.09253731
302,Agriculture,8.8,2.395,,2.849253731
303,Unknown,10,54.2,,3.853731343
304,Unknown,0.41,29.2,,4.776119403
305,Unknown,11,13.6,0.114,59.70149254
306,Unknown,8.4,52,,11.28208955
307,Unknown,6.7,8.87,,5.094029851
308,Unknown,75,0.805,,12.94179104
309,Unknown,31.233905,17.05,,12.16722106
310,Unknown,30.8215198,62.6,,11.6711158
311,Unknown,10.9,30.15,,4.820895522
312,Unknown,3.2,51.8,,
313,Unknown,4.109735233,9.98,,6.51641791
314,Unknown,10,30.8,,1.911940299
315,Unknown,5.850780604,13.3,,3.180597015
316,Unknown,4.892519741,53.7,,0.546767655
318,Unknown,3.6,20.9,,3.082089552
319,Unknown,5,0.62,,0.274626866
320,Unknown,10,17.9,,2.02238806
321,Unknown,4.5,49.3,,7.132835821
322,Unknown,2.6,14.9,,1.27761194
323,Unknown,2,53,,0.108955224
324,Domestic,21.4,8.9,,20.27164179
325,Unknown,9.337629763,2,,2.249253731
326,Unknown,,7.85,,10.60447761
327,Unknown,19.9,24.15,,11.7238806
328,Unknown,6.3,36,,10.41641791
329,Unknown,3,58.1,,10.93731343
330,Unknown,6.1,42.5,,6.640298507
331,Unknown,14.3,22.6,,8.285074627
332,Unknown,4.2,45.6,0.78,179.1044776
333,Unknown,16.4,1.2,,0.125373134
334,Unknown,2.4,52.5,,6.849253731
335,Unknown,28.5,7.6,,10.7718739
336,Unknown,2.4,53.9,,0.029850746
337,Domestic,110,2.1,0.304,13.47761194
338,Domestic,19,120,,23.18358209
339,Unknown,52,1,,1.185481457
340,Unknown,,509,0.2,284.6716418
341,Unknown,10,55.1,,0.331343284
342,Domestic,237,1.8,0.3194,50.34626866
343,Unknown,11.6,20.9,,18.61343284
344,Unknown,10,56,,0.086567164
345,Domestic,170,2.815,,5.750746269
346,Unknown,10,9.18,,7.467164179
347,Unknown,10,21.1,,12.15522388
348,Unknown,6,16,,24.4641791
350,Unknown,3.5,56.6,,16.10447761
351,Unknown,10,86.2,,16.52985075
352,Livestock,10,52.4,,108.9701493
353,Unknown,6.2,112,,0.488059701
354,Unknown,10,271,2.55,98.50746269
355,Domestic,10,178.5,,11.05373134
356,Unknown,10,11.7,,18.76716418
357,Unknown,10,176,5.77,157.1843347
358,Unknown,10,106,,13.86268657
359,Unknown,2.8,145,,20.3119403
360,Unknown,10,210,,1.48358209
361,Unknown,10,402,,7.653731343
362,Unknown,10,56.3,,8.435820896
363,Unknown,44.1,3.63,,25.36567164
364,Unknown,10,80.1,,13.90597015
365,Unknown,10,27.8,,59.58358209
366,Unknown,3.4,544,,89.64179104
367,Unknown,10,451,,70.33731343
368,Livestock,28.5,0.997,,17.87462687
369,Domestic,10,3.75,,3.62238806
370,Livestock,10,11.5,,1.427623029
371,Unknown,5.3,0.667,,3.394029851
372,Unknown,10,120,,3.780597015
373,Domestic,10,475.5,,1.67761194
374,Unknown,17.2,1.95,,1.586567164
375,Unknown,10,34.2,,8.497014925
376,Unknown,10,11.1,,24.74627833
377,Unknown,10,120.5,,8.311940299
378,Unknown,10,100,,15.01641791
379,Unknown,10,110,,13.31641791
380,Unknown,10,75.2,,11.13134328
381,Unknown,2.7,64.4,,12.58208955
382,Unknown,10,64.8,,11.58358209
383,Domestic,10,55.3,,14.6761194
384,Unknown,282,77.3,,33.46567164
385,Livestock,5.2,55.6,,14.17313433
386,Unknown,10,57.5,,0.120895522
387,Unknown,4.7,25.95,1.216,28.87163508
388,Unknown,55,8,,47.42
389,Unknown,31.9,5.67,,34.82089552
390,Unknown,82.00753309,4.913454228,,187.9299094
391,Unknown,20,14.9,,12.46716418
392,Unknown,10,51,,12.73731343
393,Domestic,10,98.5,,3.276119403
394,Unknown,10,66.8,,3.935820896
395,Domestic,10,52.9,,14.88370905
397,Unknown,3.3,52.5,,4.164179104
398,Unknown,47,57.1,,2.873134328
400,Domestic,10,4.97,,0.323880597
401,Domestic,10,56.41853032,,0.34
402,Domestic,10,25.53264597,,0.51567104
403,Unknown,10,32.1,,3.632835821
404,Unknown,3.9,30.1,,4.140298507
405,Unknown,6.6,51.59059674,,55.18694266
406,Unknown,2.8,32.4,,6.734328358
407,Unknown,10,19.4,,5.08358209
408,Unknown,10,23.7,,3.473134328
409,Unknown,3.8,28.5,,5.268656716
410,Unknown,3.4,64,,6.252238806
411,Unknown,2.6,25.8,,1.494029851
412,Livestock,7.3,5.53,,1.011940299
413,Unknown,10,74.2,,31.04925373
414,Unknown,30.8,112,,4.521492537
415,Unknown,5.2,23.73134508,,1.892289662
416,Unknown,2.7,36.1,,19.05074627
417,Unknown,2.7,29.7,,2.12238806
418,Unknown,4.1,66.6,,0.210447761
419,Unknown,13.32261943,1.263202956,,11.24328358
420,Unknown,4.6,31.9,,2.898507463
421,Unknown,10,305.8334922,,24.80462351
422,Unknown,7.6,17.5,,3.007462687
423,Unknown,10,551,,20.98059701
424,Unknown,10,21.63958992,,2.388059701
425,Domestic,1.636977035,35.8,,1.194029851
426,Unknown,0.54,29.8,,5.223880597
427,Livestock,0.59,3.57,,1.641791045
428,Domestic,10,137.6664124,,5.671641791
429,Unknown,1.3,146,,1.641791045
430,Unknown,8.86,59.8,,42.3880597
431,Unknown,5.4,6.95,,19.70149254
432,Unknown,8.47,51,,5.223880597
433,Unknown,6.82,18.7,,28.05970149
434,Unknown,9.03,24.4,,37.68
435,Unknown,39.60763034,6.4,0.894,69.25373134
437,Domestic,10,51.5,,9.92238806
438,Livestock,18.3,1.04,,13.55373134
439,Unknown,10,96,,68.39552239
440,Unknown,10,2.2,,0.67761194
441,Livestock,10,41.6,,11.19402985
442,Livestock,10,29.5,,0.41641791
443,Unknown,4.2,18.1,,10.6358209
444,Unknown,10,74.7,,4.770149254
445,Unknown,10,67.2,,4.47761194
446,Domestic,10,83.7,,10.52537313
447,Unknown,10,69.8,,3.6
448,Unknown,10,73.4,,4.719402985
449,Domestic,10,70.4,,3.682089552
450,Livestock,10,74.9,,2.729850746
451,Unknown,2.6,75.8,,4.570149254
452,Unknown,10,88.1,,3.644776119
453,Unknown,10,71.7,,5.17761194
454,Domestic,4.8,107,,4.364179104
455,Unknown,10,76.6,,5.823880597
456,Unknown,10,81.8,,9.373134328
457,Unknown,3.6,42.6,,22.91940299
458,Unknown,11.4,101,,45.32089552
459,Unknown,9.1,4.69,,0.208955224
460,Unknown,6.6,69.9,,24.10149254
461,Unknown,9.7,15.4,,13.30447761
462,Domestic,4.3,45.4,,5.494029851
463,Domestic,10,58.3,,7.640298507
464,Unknown,6,53,,10.88059701
468,Unknown,3.5,64.9,,6.6
469,Unknown,10,130,,27.15820896
470,Domestic,9.8,64.9,,124.9358209
471,Unknown,5.7,41.8,,11.48507463
472,Unknown,7.2,62.4,1.718,61
473,Unknown,5.1,66.7,,21.62238806
474,Unknown,5.8,46.1,,34.92537313
475,Unknown,4.1,10.2,,0.047761194
476,Unknown,8,81.2,,187.0746269
477,Unknown,10,13.9,,0.888059701
478,Unknown,4.2,37.8,,15.09552239
479,Unknown,3.2,57.8,,25.95671642
480,Unknown,4.1,31.3,,13.07462687
481,Unknown,10,55.7,1.736,4.594029851
482,Unknown,6.06,44.5,,16.56716418
483,Unknown,11.4,1.02,,27.6119403
484,Unknown,26,2.155,,13.58208955
485,Livestock,2.3,9.55,,10.89552239
486,Livestock,2.7,58.3,,113.4328358
487,Livestock,10,53.55,6.209,48.20895522
488,Livestock,10,21.25,2.688,40.59701493
489,Livestock,10,76.2,2.16,30.29850746
493,Unknown,10,46.8,,0.344776119
494,Unknown,7.89,51,,48.95522388
495,Unknown,4.21,44.1,,14.32835821
496,Unknown,10,0.3,,1.791044776
497,Unknown,10,29,,1.194029851
498,Unknown,10,23,,13.58208955
499,Unknown,,,0.5,
500,Domestic,,43,,2
501,Unknown,20,33.6,3.566,35
502,Domestic,,99,,
503,Domestic,,119,,25.71268263
504,Unknown,,,,
505,Domestic,,,,
506,Domestic,,,,12.23151026
509,Unknown,234.4223967,2.363374054,,560.170256
511,Unknown,1.42720854,27.1318495,,18.4827539
512,Livestock,8.665189383,51,,6.67
513,Unknown,,2.5,,
524,Unknown,1,24.5,,
541,Unknown,10,52.6,,7.97761194
542,Unknown,3.671790665,45.8,,9.958087285
543,Unknown,6.6,8.676926346,0.43,
544,Livestock,7.54,373,,
545,Unknown,37.6088167,0.8215,0.522,26.58356165
546,Domestic,5,45.8,3.853,3.3
547,Unknown,20,8.765,0.59,2.5
550,Unknown,1.8,137.6,4.428,3.6
551,Unknown,0.52,2.4,0.13,2.5
552,Unknown,40,5.85,3.953,130
553,Unknown,0.5,16,1.304,2.5
554,Unknown,5.3,33,0.695,5.2
555,Unknown,6.1,20,1.603,7.8
556,Unknown,8,41,0.737,4
557,Unknown,7.5,4.9,1.248,5.7
565,Livestock,2,98,,1
566,Domestic,3,103.5,,1
567,Domestic,13,16.5,,3
569,Domestic,8.596178123,110,,100
570,Unknown,2.117878243,190,,7.686294178
571,Unknown,1,99,,1
574,Domestic,27.74031679,,,52.20423942
575,Domestic,109.7912709,,,21.42820064
576,Domestic,2,98,,4
577,Unknown,4,108,,1
584,Unknown,1,210,,6
586,Unknown,1,150,,1
587,Unknown,1,240,,1
589,Domestic,2.47549317,31.5,,7
590,Domestic,1.853227467,,,9.449216359
591,Livestock,3,48,,1
592,Unknown,1.8714458,100,,4
593,Unknown,1,290,,12
594,Domestic,1,190,,1
595,Livestock,1,59,,1
596,Unknown,4,130,,1
597,Unknown,1,400,,1
598,Unknown,1,49,,3
599,Livestock,1,15,,4
600,Domestic,1,26,,1
601,Livestock,1,55,,1
603,Domestic,9,170,0.118,4.5
604,Domestic,1,190,,1
605,Domestic,38.61310825,25,,9.434892715
606,Unknown,1.869367269,710,,26.79608293
607,Livestock,,,,
608,Livestock,1,66,,5
609,Domestic,1,110,,1
610,Unknown,1,61,,2
611,Unknown,2,63,,1
612,Unknown,1,100,,1
613,Domestic,1,150,,1
614,Unknown,1,150,,1
615,Unknown,1,370,,1
616,Domestic,1,150,,1
617,Domestic,1,180,,15
619,Domestic,1,100,,2
620,Unknown,,,,
621,Livestock,1,75,,1
623,Livestock,1,160,,2
624,Domestic,16,14,,1
625,Domestic,23.24889522,34,,1
628,Unknown,1,160,,2
629,Unknown,3,230,,2
630,Domestic,19.13652011,160,,30.53656107
633,Livestock,40.02272086,4,,11.34
634,Agriculture,2,60,,6
635,Livestock,18.92883136,11,,10.46506682
637,Domestic,1,120,,6
638,Domestic,2,83,,4
639,Livestock,1.5270394,230,,1
640,Domestic,2,360,,1
641,Unknown,3,180,,7
642,Livestock,17,54,,22
643,Livestock,2.305078165,37.6,0.316,4.639899244
644,Domestic,18,27.15,,3
645,Unknown,6,18,,1
646,Unknown,21,6.8,,1
647,Livestock,55,5,,15
648,Domestic,3,9.35,,9
649,Livestock,1,60,,1
650,Livestock,19.2878563,5.5,,11.1530006
651,Domestic,4,3.75,0.511,700
652,Unknown,1,58,,1
653,Municipal,1,35,,6
654,Domestic,21,2.8,,51
655,Unknown,1,52,,26
656,Unknown,1,58,,27
657,Unknown,1,60,,1
658,Unknown,1.53,,,7.992445351
659,Livestock,2,15,,14
660,Unknown,2,120,,14
661,Unknown,1,120,,28
662,Unknown,1,57,,1
663,Livestock,1,73,,1
664,Unknown,1,59,,1
665,Unknown,1,71,,1
668,Unknown,1,56,,1
670,Unknown,3,96,,3
671,Domestic,1,65,,1
672,Domestic,1,63,,1
673,Unknown,4,69,,1.142862707
674,Unknown,4,49,,1.299183469
675,Domestic,1,74,,1
676,Unknown,4,135.5,,3
678,Unknown,2,56,,1
679,Unknown,2,110,,16
680,Livestock,4,2.5,,7
681,Unknown,3,5,,4
682,Livestock,6,3.05,,2
683,Domestic,1,20,,1
684,Municipal,8,4.2,,3
685,Agriculture,5,1.95,,2
687,Livestock,2,38,,15
688,Livestock,2,82,,46
692,Other,,2,,
857,Livestock,,16,,
858,Livestock,,,,3.134328358
860,Livestock,,,,4.626865672
861,Livestock,,,,3.880597015
862,Livestock,,,,2.537313433
864,Livestock,,,,3.582089552
865,Livestock,,,,2.835820896
867,Livestock,,,,2.537313433
868,Livestock,,22,,
870,Livestock,,49,,0.567164179
872,Livestock,,,,1.417910448
873,Livestock,,,,2.835820896
875,Domestic,,35,,2.388059701
876,Livestock,,,,1.791044776
877,Livestock,,,,2.089552239
878,Livestock,,,,1.328358209
879,Livestock,,4.9,,
880,Livestock,,6.9,,
883,Municipal,,56,,
884,Livestock,,76,,
885,Livestock,,,,3.880597015
887,Livestock,,,0.45,94.02985075
891,Livestock,,,,1.343283582
892,Livestock,,43,,2.537313433
893,Livestock,,48,,0.701492537
894,Municipal,,120,,5.52238806
919,Other,2.89875931,,,2.113701249
920,Domestic,,113,,
940,Other,,,,
941,Domestic,3,10,,
946,Municipal,,34,,
947,Livestock,,244,,
950,Domestic,17,2.5,,
951,Unknown,21,3,,
952,Agriculture,12,3.4,,
953,Municipal,36,2.9,,
954,Domestic,12,3.095,,0.04
956,Municipal,,24,,
957,Agriculture,19,3.4,,
958,Domestic,15,3.1,,
959,Municipal,13,21.25,,
960,Municipal,,,,
961,Unknown,19,3,,
962,Other,6,3.6,,
963,Livestock,68.6,1.85,,0.395
964,Livestock,55,,,
965,Livestock,,,,
966,Livestock,6,180,,
967,Domestic,,3.65,,
977,Domestic,3.53138992,18.43007991,,1.603135354
980,Other,0.739635884,22.13238971,,0.657208982
981,Domestic,2.411414958,15.11899232,,0.357626908
987,Domestic,2.23238964,17.35487076,,0.766154807
988,Domestic,3.501129964,26.11053708,,0.675030133
989,Domestic,1.923606593,47.43333169,,1.604548004
993,Domestic,1.563534099,24.44342165,,1.475382268
996,Domestic,4.333772687,16.77862961,,0.726565038
998,Unknown,2.784473543,,,1.162353969
999,Domestic,1.059858,32.77388686,,2.64507327
1001,Domestic,2.006428727,18.60749788,,0.630943085
1002,Domestic,0.085240545,,,0.989007961
1010,Domestic,2.008170992,18.31558448,,0.740680729
1011,Domestic,1.003286549,2.484092937,,0.639583568
1013,Unknown,1.37408022,16.59577375,,0.351586017
1016,Domestic,1.43078533,21.6739636,,1.162752025
1025,Domestic,1.649069852,14.8539032,,0.684491633
1028,Domestic,2.221243662,,,0.913671368
1032,Domestic,1.053265751,19.5735396,,0.435049095
1033,Unknown,0.84624827,,,2.934678121
1035,Domestic,1.693711366,26.51052667,,5.066758241
1041,Unknown,1.927035203,14.28373137,,0.481906077
1042,Domestic,0.881578199,11.25312748,,6.59076635
1050,Unknown,,30,,
1080,Domestic,4.372068792,37.22821813,,0.824263815
1083,Domestic,,47,,
1084,Domestic,,,,
1085,Domestic,,,,
1092,Domestic,1.347313597,22.41932783,,0.824615822
1093,Domestic,1.494543942,,,0.67
1094,Domestic,1.485789272,,,0.55
1099,Livestock,1.312055034,27.30649937,,0.973040302
1100,Domestic,1.420938574,,,0.77
1102,Domestic,1.401018808,30.66844308,,0.919071815
1111,Livestock,1.87043353,27.8997912,,0.378649224
1117,Domestic,2.519389878,,,1.174826485
1150,Livestock,,,1.66,5.373134328
1180,Domestic,0.2,,,3.22
1181,Domestic,9.949842058,13.97695687,,3.093630159
1187,Other,1.555039976,20.36815287,,0.778705846
1193,Domestic,2.063817121,21.91894783,,0.758738913
1194,Domestic,1.208650361,16.51521355,,0.679147293
1195,Domestic,1.7541543,28.40778361,,4.622876379
1197,Domestic,1.620338005,30.65440129,,0.534255316
1198,Domestic,22.22698876,88.60620017,,3.233543266
1199,Domestic,2.589429437,19.63051176,,0.614704286
1201,Other,1.662643616,14.03509779,,1.564943877
1224,Domestic,4.143035125,28.35089292,,3.584880714
1225,Domestic,13.13490884,,,182.3732461
1226,Other,5.27612086,16.22322118,,2.872997651
1229,Domestic,2.3411231,37.69690935,,4.997810191
1230,Domestic,11.86804769,,,1.157639328
1239,Municipal,2.38,,,6.01
1240,Unknown,14.5494409,38.19532487,,20.9942577
1249,Unknown,,,,5.373134328
1263,Domestic,1,800,,7
1264,Municipal,1.44413852,,,6.03217715
1265,Domestic,6.111343852,,0.7,0.640153819
1267,Domestic,3.296158566,,,0.737787977
1276,Domestic,2.1750688,,,0.72501757
1277,Domestic,62.11937254,,,0.861248291
1278,Domestic,1.735597366,,,0.57074669
1281,Domestic,5.962556076,,,0.97138588
1284,Domestic,0.121203103,,,0.318301552
1289,Domestic,1,970,,1
1294,Domestic,0.473531871,,,0.2045567
1298,Livestock,26,8.7,0.524,1
1304,Livestock,0.199132584,,,0.19735617
1305,Other,,,,4.029850746
1319,Domestic,,,,4.47761194
1323,Domestic,,,,4.328358209
1325,Livestock,0.954806546,76.59521843,,4.328358209
1328,Livestock,,,,4.776119403
1348,Domestic,12.4108928,87.90649926,,5.18435294
1350,Domestic,6.767352174,87.47557593,,4.617574003
1355,Unknown,9.184983046,,,2.59
1371,Domestic,2.456941976,92.53779818,,4.925373134
1372,Livestock,,,,5.074626866
1381,Livestock,7.373903294,86.7132208,,3.880597015
1394,Domestic,3.885951948,80.41834653,,3.592795775
1396,Unknown,1.060209341,7.088345894,,5.399374111
1397,Livestock,11.95880395,92.3239617,,4.328358209
1403,Unknown,39.42769655,46.80020688,,2.007808241
1424,Domestic,16.59183156,,,0.32
1425,Domestic,3.444808353,,,0.94
1429,Domestic,7.27175542,,,9.98
1434,Domestic,7.95184688,,,0.928749494
1437,Livestock,5.861996711,,,0.71
1439,Domestic,5.372950684,,,0.58871969
1459,Domestic,16.91251686,,,34.95057041
1472,Unknown,3.845781158,,,10.37051669
1475,Livestock,7.728774808,,,1.36
1504,Livestock,5.387816068,,,7.438173657
1528,Livestock,2.981333455,,,17.96005889
1530,Livestock,,75.7,,
1531,Livestock,,,,
1532,Livestock,,64.8,,
1533,Livestock,,69,,
1534,Livestock,,70.45,,
1538,Livestock,0.821714333,,,1.662346944
1539,Livestock,,143,,
1544,Livestock,,123,,
1554,Livestock,,412.5,,
1557,Domestic,,84,,
1558,Livestock,,75.05,,
1564,Domestic,,63.3,,
1565,Livestock,,,,
1567,Livestock,1.376916717,,,1.79
1569,Livestock,,,,
1570,Livestock,,,,
1571,Livestock,,,,
1572,Livestock,,,,
1573,Livestock,,241,,
1576,Livestock,,290,,
1581,Livestock,3,3,,3
1582,Livestock,,206,,
1587,Livestock,2.392556432,,,16.92304265
1588,Livestock,11,24,9.568,130
1590,Livestock,1.699648355,26,0.251,4.11
1591,Livestock,5.22299711,,,2.316156765
1629,Unknown,,298,,
1631,Unknown,,585,,
1736,Livestock,12.79006743,,,3.1
1739,Domestic,,7.1,,
1747,Livestock,,17,,
1752,Domestic,8,34,,9
1753,Domestic,1,34,,3
1770,Livestock,0.8,,,0.76
1775,Livestock,,11,,
1776,Domestic,1,6,,1
1798,Domestic,6.03227124,,,1.816832067
1812,Domestic,,23,,
1817,Livestock,,2.5,,
1819,Unknown,23,13,,
1820,Domestic,,1.15,,
1823,Other,,51,,
1824,Municipal,4,7,,
1828,Livestock,2.754521451,,,0.4
1832,Livestock,,29,,
1834,Unknown,,33,,
1835,Unknown,,34,,
1836,Unknown,,70,,
1837,Domestic,,9.5,,
1838,Unknown,,43,,
1840,Unknown,,46,,
1841,Unknown,,36,,
1850,Independent,,90,,
1862,Domestic,1.81913957,220,,1
1864,Livestock,1,86,,12
1871,Domestic,1.425051819,130,,2.061797502
1872,Domestic,1,26,,32
1873,Livestock,2,99,,10
1875,Domestic,1,110,,12
1885,Unknown,1,49,,21
1888,Domestic,1.29243852,,,7.203859346
1894,Domestic,12.00695164,17,,26.59304277
1901,Domestic,1,660,,1
1902,Recreation,1,541.5,,26
1905,Other,10,333,,33.3119403
1906,Other,0.420741291,,,17.31846557
1907,Domestic,0.69,382,0.92,31
1908,Domestic,7.513287301,7,,2.148235412
1910,Domestic,9,57,,11
1913,Livestock,2,230,,1
1918,Livestock,1,225.6,0.452,44
1943,Domestic,4,99,,4
1944,Livestock,2,150,,4
1945,Domestic,1,220,,1.322689458
1946,Domestic,1,65,,17
1948,Unknown,4,19,,9
1953,Domestic,1,110,,4
1954,Unknown,1,120,,9
1959,Livestock,1,64,,6.654371319
1965,Unknown,,,,
1966,Domestic,1,88,,6
1967,Municipal,,,,
1968,Livestock,,,,
1969,Livestock,,,,
1970,Livestock,4,420,,1
1972,Unknown,1.004857236,,,0.670034649
1977,Municipal,1,,,
1981,Municipal,,,,
1982,Municipal,,,,
1983,Unknown,,,,
1984,Other,,64,,
1985,Domestic,,,,
1987,Livestock,1,26,,1
1988,Domestic,,,,
1989,Domestic,1,13,,1
1990,Domestic,,,,
1993,Domestic,1,14,,1
1994,Domestic,,,,
1995,Domestic,1,140,,1
1996,Livestock,,,,
1997,Domestic,,,,5
1999,Domestic,2,23,,1
2003,Domestic,1,130,,1
2009,Domestic,1,150,,1
2011,Domestic,1,140,,1
2023,Unknown,1,260,,1
2024,Unknown,1,240,,1
2027,Unknown,1,21,,1
2028,Livestock,2.739038205,60,,1
2029,Livestock,6,245,,1
2033,Domestic,0.995940473,,,2.480079533
2063,Other,,101,,
2064,Other,,8.5,,
2067,Livestock,29,27.5,,
2070,Livestock,1.78988701,,,3.169014634
2080,Livestock,4.7,43.2,1.975,11
2082,Unknown,,23,,
2083,Unknown,,89,,
2084,Unknown,,6,,
2085,Unknown,,64,,
2095,Livestock,,33,,
2096,Domestic,2.884762717,,,0.616488574
2099,Livestock,,142,,
2100,Domestic,,7.4,,
2101,Livestock,3.232871233,,,13.85473589
2112,Domestic,,4.3,,
2122,Domestic,1,115.2,4.39,2.5
2129,Livestock,,58,,
2130,Livestock,,29,,
2131,Livestock,,6.3,,
2152,Livestock,,27,,
2204,Other,,98,,
2209,Independent,,25,,
2210,Other,,30,,
2211,Other,40,26,,
2213,Unknown,,40,,
2263,Livestock,,22.2,,
2286,Livestock,,3,,
2400,Independent,6,13,,0.01
2476,Municipal,,44,,
2509,Unknown,1,146,,400
2554,Independent,1,49.5,,0.04
2560,Livestock,,,,1.791044776
2561,Livestock,,32,,
2562,Livestock,,,,19.40298507
2563,Livestock,,31,,
2564,Livestock,,,,
2565,Livestock,,,,1.074626866
2566,Livestock,,34,,
2568,Other,51,41,1.0749,69
2572,Domestic,13.8980268,,,1.75
2582,Domestic,,46,,0.776119403
2598,Domestic,,580,,17.91044776
2599,Municipal,,88,,
2600,Other,,,,
2601,Unknown,,,,
2602,Municipal,,92,,
2603,Domestic,,40,,
2609,Domestic,19.65057282,26.4,0.835,17.36957554
2619,Domestic,2.68908392,,,41.71467051
2626,Other,2.071612218,,,7.509089128
2629,Domestic,,60.5,,1.791044776
2645,Domestic,0.73,530,0.576,19
2661,Livestock,,76,,
2669,Unknown,49.96287999,,,115.764751
2674,Livestock,12.45144177,,,9.573121985
2679,Livestock,0.132914345,,,
2681,Domestic,1.666920303,,,4.667252442
2702,Domestic,,,,2.537313433
2738,Municipal,,,,1.149253731
2739,Municipal,,,,2.985074627
2742,Livestock,,,,0.820895522
2749,Other,1,40,,300
2752,Domestic,,2,,53.73134328
2753,Domestic,,21.5,,
2756,Domestic,,74,,
2758,Municipal,,28.5,,
2763,Domestic,,78,,
2768,Municipal,21,4.7,3.26,8.6
2769,Domestic,,86,,
2771,Unknown,,,,10.44776119
2774,Domestic,,91,,6.417910448
2779,Domestic,,42,,
2780,Livestock,,64,,
2781,Domestic,,74,,
2782,Domestic,,460,,
2784,Other,,,,
2794,Domestic,,8,,
2798,Domestic,,210,,
2806,Domestic,1,30,,
2810,Domestic,,73,,
2816,Other,,,,
2839,Domestic,,90.5,,
2840,Domestic,,49.5,,
2868,Livestock,,51,,
2877,Livestock,,90,,
2879,Unknown,,9,,
2920,Domestic,,5,,
2921,Livestock,,1,,
2937,Domestic,,,,
2938,Domestic,,,,
2941,Unknown,6.1,17.5,,4.594029851
2956,Unknown,0.085240545,,,17.46483313
2966,Domestic,,52,,12.98507463
3105,Independent,,99,,
3106,Unknown,,,,
3108,Independent,,9,,
3113,Domestic,,,,19.40298507
3116,Domestic,,91,,3.582089552
3126,Domestic,,61,,
3127,Other,,,,
3143,Domestic,,71,,
3144,Livestock,0.4,37.8,,
3157,Other,,69,,
3158,Municipal,,1.2,,
3159,Livestock,,,,3.731343284
3166,Domestic,0,12,,0.63
3167,Domestic,1,2.4,,0.02
3168,Unknown,1,2.7,,0.01
3170,Unknown,11.37696751,,,5.298014335
3172,Domestic,,48,,
3173,Unknown,,,,0.149253731
3181,Unknown,5.839659875,,,6.358237025
3190,Unknown,,,,
3196,Independent,,,,4.328358209
3276,Domestic,,80,,
3280,Domestic,,177,,
3301,Livestock,,,,2.23880597
3302,Independent,23,3,,
3316,Domestic,14,16.5,,
3317,Domestic,10,15,,
3326,Unknown,,46,,
3333,Domestic,,70,,
3345,Independent,,15,,
3346,Independent,2,260,,
3360,Agriculture,,,,0.046829683
3369,Domestic,,110,,
3377,Domestic,,81,,
3381,Other,,44,,29.85074627
3387,Other,,,,
3416,Independent,,112,,
3430,Livestock,,,,4.776119403
3513,Domestic,,,,
3514,Domestic,,29,,
3517,Domestic,,80,,
3518,Domestic,,48,,
3523,Other,,45.5,,
3545,Domestic,,,,
3556,Independent,,0.4,,
3565,Independent,,15.9,,
3569,Independent,10,8.85,,
3570,Other,,4.9,,
3585,Municipal,,85,,
3586,Domestic,,,,6.71641791
3603,Unknown,,8.4,,
3604,Unknown,12,94,,13
3606,Unknown,,80,,
3607,Unknown,,85,,
3618,Unknown,,210,,
3625,Unknown,2.1,12.5,0.833,1.9
3667,Other,,,,3.880597015
3673,Other,,,,73.13432836
3674,Other,,,,55.2238806
3722,Independent,,,,9.104477612
3772,Independent,,,,2.23880597
3773,Independent,,,,1.791044776
3774,Independent,,,,0.492537313
3775,Independent,,,,1.641791045
3875,Independent,,,,0.955223881
3889,Independent,,,,2.686567164
3890,Other,,,,0.208955224
3892,Independent,,,,1.492537313
3904,Independent,,,,2.686567164
4011,Independent,,,,17.91044776
4012,Independent,,,,5.970149254
4017,Independent,,,,4.626865672
4019,Independent,,,,3.880597015
4020,Independent,,,,3.134328358
4030,Independent,7.299344669,,,25.33134688
4044,Other,,,,10.44776119
4047,Independent,,,,11.94029851
4877,Unknown,0.804819076,,,0.29
4878,Unknown,6.95,,,7.37406055
4879,Unknown,2.604105141,,,6.073527458
4880,Unknown,,,,3.84
4881,Unknown,23.57196893,,,
6157,Unknown,,,0.2,
6165,Unknown,,,,6.268656716
6862,Unknown,5,10.4,0.71,
6864,Unknown,5,2.42,,
6865,Domestic,20,15,1.0827,32
6866,Unknown,9.6,19.2,0.2609,2
6867,Domestic,5.7,79,1.0876,1.2
6868,Domestic,4.7,36.8,1.777,1.1
6869,Unknown,2,160,,1
6870,Unknown,1,550,,3
6871,Domestic,6,150,,3
6872,Unknown,2,160,,3
6875,Unknown,1,280,,6
6877,Unknown,7,3.3,,4
6878,Unknown,1,97,,5
6880,Unknown,4,160,,1
6881,Unknown,1,140,,1
6882,Unknown,1.371721187,120,,1.526464908
6883,Unknown,1,310,,1
6885,Unknown,1,460,,1
6886,Unknown,19,13,,1
6887,Unknown,2,77,,6
6888,Unknown,1,140,,5
6889,Unknown,1,55,,1
6891,Unknown,1.567166547,170,,1
6892,Unknown,1,640,,1
6893,Unknown,1,220,,1
6896,Domestic,4,110,,1
6897,Unknown,15,52,,12
6899,Unknown,4,79,,6
6900,Unknown,6.3,70,,24
7000,Livestock,1.243283753,32.76948048,,1.444993021
7001,Livestock,0.085240545,,,0.878894566
7002,Livestock,2.364268736,,,1.16
7003,Livestock,1.664626296,,,2.556620528
7004,Livestock,0.8,,,1.912084521
7005,Livestock,0.607060873,,,0.781322579
7006,Livestock,2.239420961,7.147804785,,0.788970409
7007,Livestock,1.631770547,,,1.026990244
7008,Livestock,3.049613767,40.80384289,,1.83
7009,Livestock,1.35246847,,,0.57
7010,Livestock,2.225252532,,,0.645982965
7011,Livestock,1.207054741,,,0.724106075
7012,Livestock,15.57890486,48.52218948,,10.31408321
7013,Livestock,4.5849476,,,0.829300248
7014,Livestock,3.307932808,,,2.09
7015,Other,0.085240545,,,1.28294013
7016,Livestock,1.356760382,,,0.33
7017,Livestock,14.10184552,,,0.51
7018,Livestock,26.18422295,,,42.54721253
7019,Unknown,0.391079967,,,0.562451007
7020,Unknown,43.11610937,,,89.01771435
7021,Livestock,44.43086799,,,73.5
7022,Other,1.307513713,,,45.99
7023,Livestock,1.7688763,,,2.27
7024,Livestock,2.159036373,,,2.27
7025,Livestock,1.374339852,,,0.554199503
7026,Livestock,0.627511064,,,0.22970081
7027,Livestock,3.285244133,,,28.33307827
7028,Unknown,4.78,,,3.537863544
7029,Livestock,1.826135398,,,0.046829683
7030,Other,1.819999244,,,0.689323971
7032,Livestock,2.161052333,,,28.66558554
7033,Livestock,10.31646761,,,9.472987608
7034,Livestock,8.475561517,,,11.0743819
7035,Unknown,1.594362607,,,3.65
7036,Other,21.44618083,,,15.67488317
7037,Livestock,1.310123989,,,32.68788139
7039,Livestock,20.70151271,,,
7040,Unknown,1.504364612,,,29.76
7041,Livestock,18.83465309,,,4.268698764
7042,Livestock,13.71882338,,,1.24001496
7043,Livestock,17.569789,,,12.75782687
7044,Other,4.06,,,34.62362031
7045,Other,2.817095909,35.97437005,,18.1211079
7046,Livestock,68.93112706,,,8.543389499
7047,Other,1.168690618,,,3.10250866
7048,Unknown,2.518549602,,,18.25810382
7049,Unknown,2.716396848,,,19.93875167
7050,Livestock,7.01820376,87.16739732,,4.489554425
7051,Unknown,1.665573875,,,1.250135134
7052,Unknown,2.274646355,,,1.629832028
7053,Unknown,4.786376958,,100.9,641.7910448
7054,Unknown,0.64,,,3.52
7055,Livestock,10.21646139,,,133.0560562
7056,Livestock,0.085240545,,,0.71
7057,Livestock,2.784821081,20.06475222,,1.1
7058,Livestock,43.46682747,,,11.58092424
7059,Other,3.109259367,29.13942813,,1.250615741
7060,Unknown,2.562452946,,,24.59382274
7061,Domestic Irrigaiton,2.729927661,,,2.611464988
7062,Livestock,3.37308196,,,0.852098177
7063,Unknown,3.477347756,,,2.477245704
7064,Other,128.763076,,,16.17839981
7065,Unknown,15.13507251,,,8.050661345
7066,Livestock,4.443627722,54.42249796,,0.876226017
7067,Livestock,8.096309087,,,4.383092343
7068,Livestock,1.769455198,,,8.836099278
7069,Livestock,4.58219231,21.12489363,,3.518988065
7070,Unknown,1.867776788,,,4.685934209
7071,Livestock,3.621100263,,,0.331897296
7073,Livestock,21.04640512,,,89.48983821
7074,Livestock,53.98768046,,,10.14925314
7075,Livestock,29.437973,32.19096904,,7.890746968
7077,Other,2.8994219,23.24910161,,1.25
7078,Livestock,3.789221306,,,4.810068464
7079,Livestock,4.385995293,,,0.776388052
7080,Livestock,19.80723263,,,0.587988878
7081,Livestock,1.138140815,,,2.967840071
7082,Livestock,1.599248385,,,0.748100164
7083,Unknown,0.4,,,0.77
7084,Unknown,2.013818515,,,63.04457147
7085,Unknown,,,,16.41791045
7087,Unknown,,,,2.089552239
7088,Unknown,,,,4.179104478
7089,Unknown,,,,0.432835821
7090,Unknown,,,1.13,4.776119403
7091,Unknown,,,0.51,0.507462687
7092,Unknown,,,,4.776119403
7093,Unknown,,,,1.373134328
7094,Unknown,,,,1.029850746
7095,Unknown,,,,8.955223881
7096,Unknown,,,,2.089552239
7097,Unknown,,,,19.40298507
7099,Unknown,,,,1.179104478
7100,Unknown,,,,2.089552239
7101,Unknown,,,,5.373134328
7102,Unknown,,,,
7103,Unknown,,,,19.40298507
7104,Unknown,,,0.299,64.17910448
7105,Unknown,,,,5.820895522
7106,Unknown,,,,3.432835821
7107,Unknown,,,0,52.23880597
7108,Unknown,,,,25.37313433
7109,Unknown,,,,26.86567164
7110,Unknown,,,,2.537313433
7111,Unknown,,,,5.52238806
7112,Unknown,,,,16.41791045
7113,Unknown,,,,0.149253731
7114,Unknown,,,,6.268656716
7115,Unknown,,,,19.40298507
7116,Unknown,,,,8.805970149
7117,Unknown,,,,0.611940299
7119,Unknown,,,,4.776119403
7120,Unknown,,,,11.19402985
7121,Unknown,,,,1.940298507
7122,Unknown,,,,31.34328358
7123,Unknown,,,,61.19402985
7124,Unknown,,,,9.253731343
7125,Unknown,,,,7.462686567
7126,Unknown,,,,0.746268657
7127,Unknown,,,,2.089552239
7128,Unknown,,,,20.89552239
7129,Unknown,,,,12.23880597
7131,Unknown,,,,3.880597015
7132,Unknown,,,,2.686567164
7133,Unknown,,,,8.656716418
7135,Unknown,,,,2.985074627
7136,Unknown,,,,1.940298507
7137,Unknown,,,,35.82089552
7139,Unknown,,,,2.835820896
7140,Unknown,,,0.095,71.64179104
7141,Unknown,,,,13.88059701
7142,Unknown,,,,4.925373134
7143,Unknown,,,0.431,64.17910448
7144,Unknown,,,,0.149253731
7145,Unknown,,,,0.149253731
7146,Unknown,,,,3.880597015
7147,Unknown,,,,12.53731343
7148,Unknown,,,,23.88059701
7149,Unknown,,,,12.8358209
7150,Unknown,,,,6.119402985
7151,Unknown,,,,16.41791045
7152,Unknown,,,0.29,268.6567164
7153,Unknown,,,,7.76119403
7154,Unknown,,,0.28,105.9701493
7155,Unknown,,,,98.50746269
7156,Unknown,,,,2.537313433
7157,Unknown,,,,16.41791045
7158,Unknown,,,,8.208955224
7159,Unknown,,,,35.82089552
7160,Unknown,,,,8.059701493
7161,Unknown,,,,8.805970149
7162,Unknown,,,,11.04477612
7166,Unknown,,,,3.880597015
7170,Unknown,,20,,
7176,Unknown,,2.9,,
7179,Unknown,,23,,
7180,Unknown,,2.8,,
7181,Unknown,,7,,
7182,Unknown,12,10,,
7183,Unknown,,44,,
7184,Unknown,,14.5,,
7187,Unknown,,18,,
7188,Unknown,,80,,
7189,Unknown,1,720,,
7190,Unknown,1.4,29,,0
7191,Unknown,,15,,
7196,Unknown,,11.5,,
7197,Unknown,,26,,
7198,Unknown,,81,,
7199,Unknown,,,,
7200,Unknown,,39,,
7201,Unknown,5,41,,
7204,Unknown,,657,,
7205,Unknown,,2.8,,
7206,Unknown,3,30,,
7207,Unknown,,65,,
7208,Unknown,,98,,
7210,Unknown,,5.7,,
7211,Unknown,,3.2,,
7212,Unknown,,45,,
7213,Unknown,23,2.8,,
7214,Unknown,,25,,
7215,Unknown,,24,,
7216,Unknown,,2.8,,
7220,Unknown,,42,,
7222,Unknown,,36,,
7223,Unknown,,41,,
7224,Unknown,,69,,
7225,Unknown,1,67,,
7226,Unknown,2,63,,
7227,Unknown,,98,,
7229,Unknown,1,89,,
7230,Unknown,1,93,,
7231,Unknown,5,19,,
7236,Unknown,1,76,,
7238,Unknown,,100,,
7239,Unknown,1,100,,16
7240,Unknown,,66.5,,
7245,Unknown,,4.2,,
7246,Unknown,,6,,
7247,Unknown,1,130,,23
7248,Unknown,,17,,
7249,Unknown,,28,,
7250,Unknown,2,190,,
7251,Unknown,,92,,
7252,Unknown,14,117,,
7253,Unknown,,4,,
7254,Unknown,1,88,,8
7255,Unknown,1,91.5,,
7256,Unknown,1,75,,
7257,Unknown,,110,,
7258,Unknown,1,90.5,,
7259,Unknown,,137,,
7260,Unknown,1,210,,
7274,Unknown,,117.5,,
7276,Unknown,,110,,
7279,Unknown,,33.5,,
7280,Unknown,4,18,,38
7286,Unknown,,172,,
7292,Unknown,,90,,
7312,Unknown,,11,,
7319,Unknown,,31,,
7321,Unknown,,75,,
7326,Unknown,,200,,
7328,Unknown,,1.2,,
7372,Unknown,,134,,
7382,Unknown,,14,,
7385,Unknown,,27.5,,
7386,Unknown,,29,,
7387,Unknown,,39,,
7388,Unknown,,13,,
7389,Unknown,,24.5,,
7390,Unknown,,390,,
7391,Unknown,,100,,
7392,Unknown,,31,,
7393,Unknown,,22,,
7396,Unknown,,98.5,,
7397,Unknown,,110,,
7398,Unknown,,108.5,,
7399,Unknown,,110,,
7401,Unknown,,79,,
7402,Unknown,,150,,
7403,Unknown,,87,,
7404,Unknown,,125,,
7405,Unknown,,,,
7406,Unknown,,83,,
7407,Unknown,,100,,
7408,Unknown,,12,,
7409,Unknown,,66,,
7413,Unknown,,140,,
7414,Unknown,,41,,
7415,Unknown,,57,,
7420,Unknown,,92,,
7423,Unknown,,71,,
7425,Unknown,,180,,
7426,Unknown,,20,,
7427,Unknown,,24,,
7428,Unknown,,57,,
7430,Unknown,1,49,,
7431,Unknown,,,,
7432,Unknown,,36,,
7433,Unknown,,7,,
7434,Unknown,,72,,
7436,Unknown,,,,
7448,Unknown,,33,,
7449,Unknown,,7.5,,
7452,Unknown,,18,,
7455,Unknown,,81,,
7457,Unknown,,16,,
7459,Unknown,,508,,
7460,Unknown,,86,,
7461,Unknown,,25,,
7462,Unknown,,474,,
7463,Unknown,,19,,
7464,Unknown,,12,,
7465,Unknown,,54,,
7466,Unknown,,,,
7467,Unknown,,,,
7468,Unknown,,66,,
7469,Unknown,,,,
7470,Unknown,,23,,
7471,Unknown,,,,
7472,Unknown,,28,,
7473,Unknown,,46,,
7474,Unknown,,119,,
7475,Unknown,,545,,
7476,Unknown,,36,,
7477,Unknown,,60,,
7478,Unknown,,67,,
7479,Unknown,,85,,
7480,Unknown,,43,,
7481,Unknown,,42,,
7482,Unknown,,167,,
7483,Unknown,,8,,
7484,Unknown,,25,,
7485,Unknown,,,,
7486,Unknown,,40,,
7487,Unknown,,49,,
7488,Unknown,,36,,
7489,Unknown,,96,,
7490,Unknown,,,,
7491,Unknown,,47,,
7492,Unknown,,,,
7493,Unknown,,98,,
7494,Unknown,,81,,
7495,Unknown,,92,,
7496,Unknown,,34,,
7497,Unknown,,,,
7498,Unknown,,429,,
7499,Unknown,,79,,
7500,Unknown,,62,,
7501,Unknown,,,,
7502,Unknown,,12,,
7503,Unknown,,79,,
7504,Unknown,,6,,
7505,Unknown,,83,,
7506,Unknown,,6,,
7507,Unknown,,25,,
7508,Unknown,,44,,
7509,Unknown,,41,,
7510,Unknown,,34,,
7511,Unknown,,,,
7512,Unknown,,65,,
7513,Unknown,,18,,
7514,Unknown,,71,,
7515,Unknown,,34,,
7516,Unknown,,29,,
7517,Unknown,,26,,
7518,Unknown,,304,,
7519,Unknown,,,,
7520,Unknown,,11,,
7521,Unknown,,139,,
7522,Unknown,,6,,
7523,Unknown,,60,,
7524,Unknown,,10,,
7525,Unknown,,106,,
7526,Unknown,,19,,
7527,Unknown,,42,,
7528,Unknown,,,,
7529,Unknown,,96,,
7530,Unknown,,38,,
7531,Unknown,,190,,
7532,Unknown,,8,,
7533,Unknown,,,,
7534,Unknown,,,,
7535,Unknown,,90,,
7536,Unknown,,68,,
7537,Unknown,,532,,
7538,Unknown,,43,,
7539,Unknown,,2,,
7540,Unknown,,,,
7541,Unknown,,146,,
7542,Unknown,,81,,
7543,Unknown,,,,
7544,Unknown,,,,
7545,Unknown,,225,,
7546,Unknown,,13,,
7547,Unknown,,111,,
7548,Unknown,,183,,
7549,Unknown,,,,
7550,Unknown,,23,,
7551,Unknown,,91,,
7552,Unknown,,218,,
7553,Unknown,,,,
7554,Unknown,,6,,
7555,Unknown,,23,,
7556,Unknown,,5,,
7557,Unknown,,6,,
7558,Unknown,,4,,
7559,Unknown,,6,,
7560,Unknown,,48,,
7561,Unknown,,153,,
7562,Unknown,,,,
7563,Unknown,,138,,
7564,Unknown,,75,,
7565,Unknown,,62,,
7566,Unknown,,239,,
7567,Unknown,,48,,
7568,Unknown,,46,,
7569,Unknown,,,,
7570,Unknown,,42,,
7571,Unknown,,96,,
7572,Unknown,,189,,
7573,Unknown,,6,,
7574,Unknown,,214,,
7575,Unknown,,15,,
7576,Unknown,,278,,
7577,Unknown,,684,,
7578,Unknown,,156,,
7579,Unknown,,52,,
7580,Unknown,,66,,
7581,Unknown,,23,,
7582,Unknown,,146,,
7583,Unknown,,,,
7584,Unknown,,44,,
7585,Unknown,,97,,
7586,Unknown,,51,,
7587,Unknown,,49,,
7588,Unknown,,33,,
7589,Unknown,,,,
7590,Unknown,,,,
7591,Unknown,,,,
7592,Unknown,,19,,
7593,Unknown,,71,,
7594,Unknown,,330,,
7595,Unknown,,,,
7596,Unknown,,1,,
7597,Unknown,,2,,
7598,Unknown,,5,,
7599,Unknown,,11,,
7600,Unknown,,6,,
7601,Unknown,,100,,
7602,Unknown,,2,,
7603,Unknown,,44,,
7604,Unknown,,,,
7605,Unknown,,17,,
7606,Unknown,,8,,
7607,Unknown,,19,,
7608,Unknown,,437,,
7609,Unknown,,,,
7610,Unknown,,100,,
7611,Unknown,,22,,
7612,Unknown,,198,,
7613,Unknown,,31,,
7614,Unknown,,18,,
7615,Unknown,,44,,
7616,Unknown,,99,,
7617,Unknown,,86,,
7618,Unknown,,70,,
7619,Unknown,,196,,
7620,Unknown,,277,,
7621,Unknown,,81,,
7622,Unknown,,131,,
7623,Unknown,,35,,
7624,Unknown,,,,
7625,Unknown,,54,,
7626,Unknown,,,,
7627,Unknown,,238,,
7628,Unknown,,60,,
7629,Unknown,,167,,
7630,Unknown,,,,
7631,Unknown,,151,,
7632,Unknown,,145,,
7633,Unknown,,,,
7634,Unknown,,476,,
7635,Unknown,,62,,
7636,Unknown,,26,,
7637,Unknown,,,,
7638,Unknown,,64,,
7639,Unknown,,112,,
7640,Unknown,,84,,
7641,Unknown,,464,,
7642,Unknown,,234,,
7643,Unknown,,,,
7644,Unknown,,69,,
7645,Unknown,,476,,
7646,Unknown,,110,,
7647,Unknown,,,,
7648,Unknown,,,,
7649,Unknown,,,,
7650,Unknown,,3,,
7651,Unknown,,46,,
7652,Unknown,,,,
7653,Unknown,,,,
7654,Unknown,,,,
7655,Unknown,,,,
7656,Unknown,,155,,
7657,Unknown,,,,
7658,Unknown,,9,,
7659,Unknown,,98,,
7660,Unknown,,44,,
7661,Unknown,,65,,
7662,Unknown,,114,,
7663,Unknown,,,,
7664,Unknown,,3,,
7665,Unknown,,4,,
7666,Unknown,,,,
7667,Unknown,,,,
7668,Unknown,,2,,
7669,Unknown,,7,,
7670,Unknown,,46,,
7671,Unknown,,,,
7672,Unknown,,,,
7673,Unknown,,,,
7674,Unknown,,,,
7675,Unknown,,50,,
7676,Unknown,,122,,
7677,Unknown,,182,,
7678,Unknown,,68,,
7679,Unknown,,57,,
7680,Unknown,,123,,
7681,Unknown,,,,
7682,Unknown,,114,,
7683,Unknown,,2,,
7684,Unknown,,,,
7685,Unknown,,,,
7686,Unknown,,7,,
7687,Unknown,,9,,
7688,Unknown,,,,
7689,Unknown,,2,,
7690,Unknown,,,,
7691,Unknown,,110,,
7692,Unknown,,3,,
7693,Unknown,,151,,
7694,Unknown,,6,,
7695,Unknown,,24,,
7696,Unknown,,6,,
7697,Unknown,,15,,
7698,Unknown,,39,,
7699,Unknown,,,,
7700,Unknown,,47,,
7701,Unknown,,1,,
7702,Unknown,,27,,
7703,Unknown,,96,,
7704,Unknown,,97,,
7705,Unknown,,169,,
7706,Unknown,,116,,
7707,Unknown,,110,,
7708,Unknown,,32,,
7709,Unknown,,72,,
7710,Unknown,,42,,
7711,Unknown,,64,,
7712,Unknown,,8,,
7713,Unknown,,,,
7714,Unknown,,52,,
7715,Unknown,,26,,
7716,Unknown,,118,,
7717,Unknown,,136,,
7718,Unknown,,2,,
7719,Unknown,,89,,
7720,Unknown,,2,,
7721,Unknown,,130,,
7722,Unknown,,20,,
7723,Unknown,,,,
7724,Unknown,,,,
7725,Unknown,,42,,
7726,Unknown,,13,,
7727,Unknown,,28,,
7728,Unknown,,40,,
7729,Unknown,,29,,
7730,Unknown,,79,,
7731,Unknown,,140,,
7732,Unknown,,68,,
7733,Unknown,,19,,
7734,Unknown,,26,,
7735,Unknown,,62,,
7736,Unknown,,75,,
7737,Unknown,,29,,
7738,Unknown,,91,,
7739,Unknown,,36,,
7740,Unknown,,73,,
7741,Unknown,,25,,
7742,Unknown,,32,,
7743,Unknown,,59,,
7744,Unknown,,21,,
7745,Unknown,,48,,
7746,Unknown,,,,
7747,Unknown,,54,,
7748,Unknown,,104,,
7749,Unknown,,64,,
7750,Unknown,,49,,
7751,Unknown,,80,,
7752,Unknown,,80,,
7753,Unknown,,74,,
7754,Unknown,,90,,
7755,Unknown,,34,,
7756,Unknown,,58,,
7757,Unknown,,28,,
7758,Unknown,,60,,
7759,Unknown,,12,,
7760,Unknown,,,,
7761,Unknown,,53,,
7762,Unknown,,130,,
7763,Unknown,,44,,
7764,Unknown,,50,,
7765,Unknown,,74,,
7766,Unknown,,82,,
7767,Unknown,,70,,
7768,Unknown,,120,,
7769,Unknown,,14,,
7770,Unknown,,130,,
7771,Unknown,,73,,
7772,Unknown,,91,,
7773,Unknown,,54,,
7774,Unknown,,69,,
7775,Unknown,,68,,
7776,Unknown,,37,,
7777,Unknown,,33,,
7778,Unknown,,126,,
7779,Unknown,,63,,
7780,Unknown,,25,,
7781,Unknown,,76,,
7782,Unknown,,71,,
7783,Unknown,,,,
7784,Unknown,,24,,
7785,Unknown,,45,,
7786,Unknown,,79,,
7787,Unknown,,106,,
7788,Unknown,,20,,
7789,Unknown,,30,,
7790,Unknown,,66,,
7791,Unknown,,63,,
7792,Unknown,,67,,
7793,Unknown,,46,,
7794,Unknown,,64,,
7795,Unknown,,101,,
7796,Unknown,,70,,
7797,Unknown,,42,,
7798,Unknown,,,,
7799,Unknown,,,,
7800,Unknown,,,,
7801,Unknown,,40,,
7802,Unknown,,11,,
7803,Unknown,,86,,
7804,Unknown,,71,,
7805,Unknown,,58,,
7806,Unknown,,67,,
7807,Unknown,,88,,
7808,Unknown,,67,,
7809,Unknown,,38,,
7810,Unknown,,62,,
7811,Unknown,,91,,
7812,Unknown,,62,,
7813,Unknown,,112,,
7814,Unknown,,75,,
7815,Unknown,,52,,
7816,Unknown,,48,,
7817,Unknown,,53,,
7818,Unknown,,64,,
7819,Unknown,,197,,
7820,Unknown,,540,,
7821,Unknown,,50,,
7822,Unknown,,91,,
7823,Unknown,,57,,
7824,Unknown,,135,,
7825,Unknown,,564,,
7826,Unknown,,41,,
7827,Unknown,,210,,
7828,Unknown,,20,,
7829,Unknown,,19,,
7830,Unknown,,29,,
7831,Unknown,,49,,
7832,Unknown,,55,,
7833,Unknown,,37,,
7834,Unknown,,61,,
7835,Unknown,,68,,
7836,Unknown,,20,,
7837,Unknown,,,,
7838,Unknown,,28,,
7839,Unknown,,24,,
7840,Unknown,,48,,
7841,Unknown,,66,,
7842,Unknown,,29,,
7843,Unknown,,24,,
7844,Unknown,,30,,
7845,Unknown,,27,,
7846,Unknown,,23,,
7847,Unknown,,48,,
7848,Unknown,,32,,
7849,Unknown,,298,,
7850,Unknown,,66,,
7851,Unknown,,81,,
7852,Unknown,,68,,
7853,Unknown,,2,,
7854,Unknown,,77,,
7855,Unknown,,23,,
7856,Unknown,,31,,
7857,Unknown,,5,,
7858,Unknown,,9,,
7859,Unknown,,29,,
7860,Unknown,,10,,
7861,Unknown,,,,
7862,Unknown,,,,
7863,Unknown,,10,,
7864,Unknown,,,,
7865,Unknown,,12,,
7866,Unknown,,23,,
7867,Unknown,,40,,
7868,Unknown,,18,,
7869,Unknown,,4,,
7870,Unknown,,,,
7871,Unknown,,39,,
7872,Unknown,,42,,
7873,Unknown,,10,,
7874,Unknown,,40,,
7875,Unknown,,57,,
7876,Unknown,,,,
7877,Unknown,,133,,
7878,Unknown,,48,,
7879,Unknown,,,,
7880,Unknown,,23,,
7881,Unknown,,18,,
7882,Unknown,,58,,
7883,Unknown,,21,,
7884,Unknown,,34,,
7885,Unknown,,8,,
7886,Unknown,,43,,
7887,Unknown,,,,
7888,Unknown,,,,
7889,Unknown,,2,,
7890,Unknown,,93,,
7891,Unknown,,,,
7892,Unknown,,174,,
7893,Unknown,,20,,
7894,Unknown,,2,,
7895,Unknown,,95,,
7896,Unknown,,72,,
7897,Unknown,,13,,
7898,Unknown,,12,,
7899,Unknown,,5,,
7900,Unknown,,56,,
7901,Unknown,,37,,
7902,Unknown,,38,,
7903,Unknown,,28,,
7904,Unknown,,46,,
7905,Unknown,,46,,
7906,Unknown,,12,,
7907,Unknown,,42,,
7908,Unknown,,86,,
7909,Unknown,,86,,
7910,Unknown,,20,,
7911,Unknown,,37,,
7912,Unknown,,397,,
7913,Unknown,,60,,
7914,Unknown,,116,,
7915,Unknown,,59,,
7916,Unknown,,150,,
7917,Unknown,,58,,
7918,Unknown,,41,,
7919,Unknown,,3,,
7920,Unknown,,47,,
7921,Unknown,,141,,
7922,Unknown,,67,,
7923,Unknown,,457,,
7924,Unknown,,10,,
7925,Unknown,,10,,
7926,Unknown,,29,,
7927,Unknown,,,,
7928,Unknown,,,,
7929,Unknown,,48,,
7930,Unknown,,,,
7931,Unknown,,54,,
7932,Unknown,,8,,
7933,Unknown,,92,,
7934,Unknown,,,,
7935,Unknown,,78,,
7936,Unknown,,14,,
7937,Unknown,,12,,
7938,Unknown,,200,,
7939,Unknown,,39,,
7940,Unknown,,20,,
7941,Unknown,,,,
7942,Unknown,,102,,
7943,Unknown,,79,,
7944,Unknown,,,,
7945,Unknown,,52,,
7946,Unknown,,129,,
7947,Unknown,,36,,
7948,Unknown,,9,,
7949,Unknown,,3,,
7950,Unknown,,480,,
7951,Unknown,,97,,
7952,Unknown,,97,,
7953,Unknown,,96,,
7954,Unknown,,99,,
7955,Unknown,,118,,
7956,Unknown,,67,,
7957,Unknown,,50,,
7958,Unknown,,92,,
7959,Unknown,,64,,
7960,Unknown,,68,,
7961,Unknown,,302,,
7962,Unknown,,10,,
7963,Unknown,,,,
7964,Unknown,,2,,
7965,Unknown,,13,,
7966,Unknown,,64,,
7967,Unknown,,,,
7968,Unknown,,59,,
7969,Unknown,,67,,
7970,Unknown,,111,,
7971,Unknown,,,,
7972,Unknown,,6,,
7973,Unknown,,8,,
7974,Unknown,,29,,
7975,Unknown,,6,,
7976,Unknown,,4,,
7977,Unknown,,9,,
7978,Unknown,,62,,
7979,Unknown,,19,,
7980,Unknown,,18,,
7981,Unknown,,,,
7982,Unknown,,75,,
7983,Unknown,,14,,
7984,Unknown,,68,,
7985,Unknown,,17,,
7986,Unknown,,8,,
7987,Unknown,,,,
7988,Unknown,,,,
7989,Unknown,,8,,
7990,Unknown,,,,
7991,Unknown,,56,,
7992,Unknown,,175,,
7993,Unknown,,85,,
7994,Unknown,,440,,
7995,Unknown,,,,
7996,Unknown,,71,,
7997,Unknown,,,,
7998,Unknown,,18,,
7999,Unknown,,61,,
8000,Unknown,,95,,
8001,Unknown,,115,,
8002,Unknown,,20,,
8003,Unknown,,120,,
8004,Unknown,,101,,
8005,Unknown,,309,,
8006,Unknown,,66,,
8007,Unknown,,117,,
8008,Unknown,,173,,
8009,Unknown,,410,,
8010,Unknown,,255,,
8011,Unknown,,49,,
8012,Unknown,,,,
8013,Unknown,,494,,
8014,Unknown,,145,,
8015,Unknown,,3,,
8016,Unknown,,95,,
8017,Unknown,,38,,
8018,Unknown,,38,,
8019,Unknown,,86,,
8020,Unknown,,14,,
8021,Unknown,,18,,
8022,Unknown,,139,,
8023,Unknown,,532,,
8024,Unknown,,118,,
8025,Unknown,,,,
8026,Unknown,,476,,
8027,Unknown,,12,,
8028,Unknown,,105,,
8029,Unknown,,141,,
8030,Unknown,,252,,
8031,Unknown,,30,,
8032,Unknown,,7,,
8033,Unknown,,2,,
8034,Unknown,,,,
8035,Unknown,,79,,
8036,Unknown,,232,,
8037,Unknown,,500,,
8038,Unknown,,123,,
8039,Unknown,,5,,
8040,Unknown,,,,
8041,Unknown,,98,,
8042,Unknown,,29,,
8043,Unknown,,,,
8044,Unknown,,35,,
8045,Unknown,,54,,
8046,Unknown,,,,
8047,Unknown,,,,
8048,Unknown,,31,,
8049,Unknown,,14,,
8050,Unknown,,4,,
8051,Unknown,,5,,
8052,Unknown,,4,,
8053,Unknown,,13,,
8054,Unknown,,21,,
8055,Unknown,,18,,
8056,Unknown,,,,
8057,Unknown,,44,,
8058,Unknown,,89,,
8059,Unknown,,42,,
8060,Unknown,,41,,
8061,Unknown,,6,,
8062,Unknown,,,,
8063,Unknown,,40,,
8064,Unknown,,17,,
8065,Unknown,,,,
8066,Unknown,,67,,
8067,Unknown,,39,,
8068,Unknown,,,,
8069,Unknown,,,,
8070,Unknown,,45,,
8071,Unknown,,,,
8072,Unknown,,10,,
8073,Unknown,,2,,
8074,Unknown,,,,
8075,Unknown,,57,,
8076,Unknown,,19,,
8077,Unknown,,,,
8078,Unknown,,,,
8079,Unknown,,12,,
8080,Unknown,,11,,
8081,Unknown,,45,,
8082,Unknown,,57,,
8083,Unknown,,38,,
8084,Unknown,,,,
8085,Unknown,,100,,
8086,Unknown,,,,
8087,Unknown,,,,
8088,Unknown,,64,,
8089,Unknown,,,,
8090,Unknown,,28,,
8091,Unknown,,45,,
8092,Unknown,,72,,
8093,Unknown,,2,,
8094,Unknown,,22,,
8095,Unknown,,20,,
8096,Unknown,,36,,
8097,Unknown,,80,,
8098,Unknown,,,,
8099,Unknown,,9,,
8100,Unknown,,49,,
8101,Unknown,,25,,
8102,Unknown,,29,,
8103,Unknown,,30,,
8104,Unknown,,67,,
8105,Unknown,,40,,
8106,Unknown,,20,,
8107,Unknown,,4,,
8108,Unknown,,,,
8109,Unknown,,15,,
8110,Unknown,,42,,
8111,Unknown,,47.5,,
8112,Unknown,,3,,
8113,Unknown,,,,
8114,Unknown,,,,
8115,Unknown,,,,
8116,Unknown,,147,,
8117,Unknown,,67,,
8118,Unknown,,37,,
8119,Unknown,,,,
8120,Unknown,,70,,
8121,Unknown,,4,,
8122,Unknown,,66,,
8123,Unknown,,190,,
8124,Unknown,,29,,
8125,Unknown,,286,,
8126,Unknown,,189,,
8127,Unknown,,54,,
8128,Unknown,,536,,
8129,Unknown,,38,,
8130,Unknown,,19,,
8131,Unknown,,24,,
8132,Unknown,,20,,
8133,Unknown,,,,
8134,Unknown,,254,,
8135,Unknown,,488,,
8136,Unknown,,373,,
8137,Unknown,,66,,
8138,Unknown,,592,,
8139,Unknown,,80,,
8140,Unknown,,108,,
8141,Unknown,,,,
8142,Unknown,,,,
8143,Unknown,,189,,
8144,Unknown,,40,,
8145,Unknown,,41,,
8146,Unknown,,25,,
8147,Unknown,,58,,
8148,Unknown,,16,,
8149,Unknown,,52,,
8150,Unknown,,,,
8151,Unknown,,195,,
8152,Unknown,,,,
8153,Unknown,,58,,
8154,Unknown,,28,,
8155,Unknown,,18,,
8156,Unknown,,17,,
8157,Unknown,,37,,
8158,Unknown,,64,,
8159,Unknown,,,,
8160,Unknown,,52,,
8161,Unknown,,2,,
8162,Unknown,,17,,
8163,Unknown,,,,
8164,Unknown,,37,,
8165,Unknown,,,,
8166,Unknown,,8,,
8167,Unknown,,,,
8168,Unknown,,25,,
8169,Unknown,,44,,
8170,Unknown,,21,,
